,uid,nickname,timeline,text,isadmin
0,5845141,警大的Coldzera本人,2021-04-20 19:36:45,还好，还有经济,1
1,2823277,未来neko,2021-04-20 20:27:51,点名猪蹄,1
2,2823277,未来neko,2021-04-20 20:28:01,快叫猪蹄过来,1
3,10469116,今天也一样颓废的猪蹄,2021-04-20 20:28:02,？,1
4,10469116,今天也一样颓废的猪蹄,2021-04-20 20:28:05,？？,1
5,2823277,未来neko,2021-04-20 20:29:50,鸡煲我都不看,1
6,2823277,未来neko,2021-04-20 20:31:18,饭桶，这是天禄第一视角吗,1
7,2823277,未来neko,2021-04-20 20:32:01,笑死,1
8,2823277,未来neko,2021-04-20 20:35:37,不是下播,1
9,2823277,未来neko,2021-04-20 20:36:43,饭桶，快睡,1
10,2900720,与二哈共舞,2021-04-20 21:21:20,_(:3」∠)_,0
11,12235760,kimi_石头,2021-04-20 21:21:24,？,0
12,252756341,0唯伤0,2021-04-20 21:40:17,人呢,0
13,176301851,lazy散漫,2021-04-20 21:45:40,(╯°口°)╯(┴—┴,0
14,84118808,Caramobla,2021-04-20 21:46:23,下播了,0
15,84118808,Caramobla,2021-04-20 21:46:25,？,0
16,84118808,Caramobla,2021-04-20 21:46:36,还想看看下饭呢,0
17,11405389,KomeijiKoshi,2021-04-20 22:02:04,1,0
18,472407707,长颈鹿莱昂凯,2021-04-20 22:16:00,饭桶,0
19,229716433,拥有海绵宝宝的她,2021-04-20 22:16:28,1111,0
20,5845141,警大的Coldzera本人,2021-04-20 19:36:45,还好，还有经济,1
21,2823277,未来neko,2021-04-20 20:27:51,点名猪蹄,1
22,2823277,未来neko,2021-04-20 20:28:01,快叫猪蹄过来,1
23,10469116,今天也一样颓废的猪蹄,2021-04-20 20:28:02,？,1
24,10469116,今天也一样颓废的猪蹄,2021-04-20 20:28:05,？？,1
25,2823277,未来neko,2021-04-20 20:29:50,鸡煲我都不看,1
26,2823277,未来neko,2021-04-20 20:31:18,饭桶，这是天禄第一视角吗,1
27,2823277,未来neko,2021-04-20 20:32:01,笑死,1
28,2823277,未来neko,2021-04-20 20:35:37,不是下播,1
29,2823277,未来neko,2021-04-20 20:36:43,饭桶，快睡,1
30,2900720,与二哈共舞,2021-04-20 21:21:20,_(:3」∠)_,0
31,12235760,kimi_石头,2021-04-20 21:21:24,？,0
32,252756341,0唯伤0,2021-04-20 21:40:17,人呢,0
33,176301851,lazy散漫,2021-04-20 21:45:40,(╯°口°)╯(┴—┴,0
34,84118808,Caramobla,2021-04-20 21:46:23,下播了,0
35,84118808,Caramobla,2021-04-20 21:46:25,？,0
36,84118808,Caramobla,2021-04-20 21:46:36,还想看看下饭呢,0
37,11405389,KomeijiKoshi,2021-04-20 22:02:04,1,0
38,472407707,长颈鹿莱昂凯,2021-04-20 22:16:00,饭桶,0
39,229716433,拥有海绵宝宝的她,2021-04-20 22:16:28,1111,0
40,5845141,警大的Coldzera本人,2021-04-20 19:36:45,还好，还有经济,1
41,2823277,未来neko,2021-04-20 20:27:51,点名猪蹄,1
42,2823277,未来neko,2021-04-20 20:28:01,快叫猪蹄过来,1
43,10469116,今天也一样颓废的猪蹄,2021-04-20 20:28:02,？,1
44,10469116,今天也一样颓废的猪蹄,2021-04-20 20:28:05,？？,1
45,2823277,未来neko,2021-04-20 20:29:50,鸡煲我都不看,1
46,2823277,未来neko,2021-04-20 20:31:18,饭桶，这是天禄第一视角吗,1
47,2823277,未来neko,2021-04-20 20:32:01,笑死,1
48,2823277,未来neko,2021-04-20 20:35:37,不是下播,1
49,2823277,未来neko,2021-04-20 20:36:43,饭桶，快睡,1
50,2900720,与二哈共舞,2021-04-20 21:21:20,_(:3」∠)_,0
51,12235760,kimi_石头,2021-04-20 21:21:24,？,0
52,252756341,0唯伤0,2021-04-20 21:40:17,人呢,0
53,176301851,lazy散漫,2021-04-20 21:45:40,(╯°口°)╯(┴—┴,0
54,84118808,Caramobla,2021-04-20 21:46:23,下播了,0
55,84118808,Caramobla,2021-04-20 21:46:25,？,0
56,84118808,Caramobla,2021-04-20 21:46:36,还想看看下饭呢,0
57,11405389,KomeijiKoshi,2021-04-20 22:02:04,1,0
58,472407707,长颈鹿莱昂凯,2021-04-20 22:16:00,饭桶,0
59,229716433,拥有海绵宝宝的她,2021-04-20 22:16:28,1111,0
60,5845141,警大的Coldzera本人,2021-04-20 19:36:45,还好，还有经济,1
61,2823277,未来neko,2021-04-20 20:27:51,点名猪蹄,1
62,2823277,未来neko,2021-04-20 20:28:01,快叫猪蹄过来,1
63,10469116,今天也一样颓废的猪蹄,2021-04-20 20:28:02,？,1
64,10469116,今天也一样颓废的猪蹄,2021-04-20 20:28:05,？？,1
65,2823277,未来neko,2021-04-20 20:29:50,鸡煲我都不看,1
66,2823277,未来neko,2021-04-20 20:31:18,饭桶，这是天禄第一视角吗,1
67,2823277,未来neko,2021-04-20 20:32:01,笑死,1
68,2823277,未来neko,2021-04-20 20:35:37,不是下播,1
69,2823277,未来neko,2021-04-20 20:36:43,饭桶，快睡,1
70,2900720,与二哈共舞,2021-04-20 21:21:20,_(:3」∠)_,0
71,12235760,kimi_石头,2021-04-20 21:21:24,？,0
72,252756341,0唯伤0,2021-04-20 21:40:17,人呢,0
73,176301851,lazy散漫,2021-04-20 21:45:40,(╯°口°)╯(┴—┴,0
74,84118808,Caramobla,2021-04-20 21:46:23,下播了,0
75,84118808,Caramobla,2021-04-20 21:46:25,？,0
76,84118808,Caramobla,2021-04-20 21:46:36,还想看看下饭呢,0
77,11405389,KomeijiKoshi,2021-04-20 22:02:04,1,0
78,472407707,长颈鹿莱昂凯,2021-04-20 22:16:00,饭桶,0
79,229716433,拥有海绵宝宝的她,2021-04-20 22:16:28,1111,0
80,5845141,警大的Coldzera本人,2021-04-20 19:36:45,还好，还有经济,1
81,2823277,未来neko,2021-04-20 20:27:51,点名猪蹄,1
82,2823277,未来neko,2021-04-20 20:28:01,快叫猪蹄过来,1
83,10469116,今天也一样颓废的猪蹄,2021-04-20 20:28:02,？,1
84,10469116,今天也一样颓废的猪蹄,2021-04-20 20:28:05,？？,1
85,2823277,未来neko,2021-04-20 20:29:50,鸡煲我都不看,1
86,2823277,未来neko,2021-04-20 20:31:18,饭桶，这是天禄第一视角吗,1
87,2823277,未来neko,2021-04-20 20:32:01,笑死,1
88,2823277,未来neko,2021-04-20 20:35:37,不是下播,1
89,2823277,未来neko,2021-04-20 20:36:43,饭桶，快睡,1
90,2900720,与二哈共舞,2021-04-20 21:21:20,_(:3」∠)_,0
91,12235760,kimi_石头,2021-04-20 21:21:24,？,0
92,252756341,0唯伤0,2021-04-20 21:40:17,人呢,0
93,176301851,lazy散漫,2021-04-20 21:45:40,(╯°口°)╯(┴—┴,0
94,84118808,Caramobla,2021-04-20 21:46:23,下播了,0
95,84118808,Caramobla,2021-04-20 21:46:25,？,0
96,84118808,Caramobla,2021-04-20 21:46:36,还想看看下饭呢,0
97,11405389,KomeijiKoshi,2021-04-20 22:02:04,1,0
98,472407707,长颈鹿莱昂凯,2021-04-20 22:16:00,饭桶,0
99,229716433,拥有海绵宝宝的她,2021-04-20 22:16:28,1111,0
100,5845141,警大的Coldzera本人,2021-04-20 19:36:45,还好，还有经济,1
101,2823277,未来neko,2021-04-20 20:27:51,点名猪蹄,1
102,2823277,未来neko,2021-04-20 20:28:01,快叫猪蹄过来,1
103,10469116,今天也一样颓废的猪蹄,2021-04-20 20:28:02,？,1
104,10469116,今天也一样颓废的猪蹄,2021-04-20 20:28:05,？？,1
105,2823277,未来neko,2021-04-20 20:29:50,鸡煲我都不看,1
106,2823277,未来neko,2021-04-20 20:31:18,饭桶，这是天禄第一视角吗,1
107,2823277,未来neko,2021-04-20 20:32:01,笑死,1
108,2823277,未来neko,2021-04-20 20:35:37,不是下播,1
109,2823277,未来neko,2021-04-20 20:36:43,饭桶，快睡,1
110,2900720,与二哈共舞,2021-04-20 21:21:20,_(:3」∠)_,0
111,12235760,kimi_石头,2021-04-20 21:21:24,？,0
112,252756341,0唯伤0,2021-04-20 21:40:17,人呢,0
113,176301851,lazy散漫,2021-04-20 21:45:40,(╯°口°)╯(┴—┴,0
114,84118808,Caramobla,2021-04-20 21:46:23,下播了,0
115,84118808,Caramobla,2021-04-20 21:46:25,？,0
116,84118808,Caramobla,2021-04-20 21:46:36,还想看看下饭呢,0
117,11405389,KomeijiKoshi,2021-04-20 22:02:04,1,0
118,472407707,长颈鹿莱昂凯,2021-04-20 22:16:00,饭桶,0
119,229716433,拥有海绵宝宝的她,2021-04-20 22:16:28,1111,0
120,5845141,警大的Coldzera本人,2021-04-20 19:36:45,还好，还有经济,1
121,2823277,未来neko,2021-04-20 20:27:51,点名猪蹄,1
122,2823277,未来neko,2021-04-20 20:28:01,快叫猪蹄过来,1
123,10469116,今天也一样颓废的猪蹄,2021-04-20 20:28:02,？,1
124,10469116,今天也一样颓废的猪蹄,2021-04-20 20:28:05,？？,1
125,2823277,未来neko,2021-04-20 20:29:50,鸡煲我都不看,1
126,2823277,未来neko,2021-04-20 20:31:18,饭桶，这是天禄第一视角吗,1
127,2823277,未来neko,2021-04-20 20:32:01,笑死,1
128,2823277,未来neko,2021-04-20 20:35:37,不是下播,1
129,2823277,未来neko,2021-04-20 20:36:43,饭桶，快睡,1
130,2900720,与二哈共舞,2021-04-20 21:21:20,_(:3」∠)_,0
131,12235760,kimi_石头,2021-04-20 21:21:24,？,0
132,252756341,0唯伤0,2021-04-20 21:40:17,人呢,0
133,176301851,lazy散漫,2021-04-20 21:45:40,(╯°口°)╯(┴—┴,0
134,84118808,Caramobla,2021-04-20 21:46:23,下播了,0
135,84118808,Caramobla,2021-04-20 21:46:25,？,0
136,84118808,Caramobla,2021-04-20 21:46:36,还想看看下饭呢,0
137,11405389,KomeijiKoshi,2021-04-20 22:02:04,1,0
138,472407707,长颈鹿莱昂凯,2021-04-20 22:16:00,饭桶,0
139,229716433,拥有海绵宝宝的她,2021-04-20 22:16:28,1111,0
140,5845141,警大的Coldzera本人,2021-04-20 19:36:45,还好，还有经济,1
141,2823277,未来neko,2021-04-20 20:27:51,点名猪蹄,1
142,2823277,未来neko,2021-04-20 20:28:01,快叫猪蹄过来,1
143,10469116,今天也一样颓废的猪蹄,2021-04-20 20:28:02,？,1
144,10469116,今天也一样颓废的猪蹄,2021-04-20 20:28:05,？？,1
145,2823277,未来neko,2021-04-20 20:29:50,鸡煲我都不看,1
146,2823277,未来neko,2021-04-20 20:31:18,饭桶，这是天禄第一视角吗,1
147,2823277,未来neko,2021-04-20 20:32:01,笑死,1
148,2823277,未来neko,2021-04-20 20:35:37,不是下播,1
149,2823277,未来neko,2021-04-20 20:36:43,饭桶，快睡,1
150,2900720,与二哈共舞,2021-04-20 21:21:20,_(:3」∠)_,0
151,12235760,kimi_石头,2021-04-20 21:21:24,？,0
152,252756341,0唯伤0,2021-04-20 21:40:17,人呢,0
153,176301851,lazy散漫,2021-04-20 21:45:40,(╯°口°)╯(┴—┴,0
154,84118808,Caramobla,2021-04-20 21:46:23,下播了,0
155,84118808,Caramobla,2021-04-20 21:46:25,？,0
156,84118808,Caramobla,2021-04-20 21:46:36,还想看看下饭呢,0
157,11405389,KomeijiKoshi,2021-04-20 22:02:04,1,0
158,472407707,长颈鹿莱昂凯,2021-04-20 22:16:00,饭桶,0
159,229716433,拥有海绵宝宝的她,2021-04-20 22:16:28,1111,0
160,5845141,警大的Coldzera本人,2021-04-20 19:36:45,还好，还有经济,1
161,2823277,未来neko,2021-04-20 20:27:51,点名猪蹄,1
162,2823277,未来neko,2021-04-20 20:28:01,快叫猪蹄过来,1
163,10469116,今天也一样颓废的猪蹄,2021-04-20 20:28:02,？,1
164,10469116,今天也一样颓废的猪蹄,2021-04-20 20:28:05,？？,1
165,2823277,未来neko,2021-04-20 20:29:50,鸡煲我都不看,1
166,2823277,未来neko,2021-04-20 20:31:18,饭桶，这是天禄第一视角吗,1
167,2823277,未来neko,2021-04-20 20:32:01,笑死,1
168,2823277,未来neko,2021-04-20 20:35:37,不是下播,1
169,2823277,未来neko,2021-04-20 20:36:43,饭桶，快睡,1
170,2900720,与二哈共舞,2021-04-20 21:21:20,_(:3」∠)_,0
171,12235760,kimi_石头,2021-04-20 21:21:24,？,0
172,252756341,0唯伤0,2021-04-20 21:40:17,人呢,0
173,176301851,lazy散漫,2021-04-20 21:45:40,(╯°口°)╯(┴—┴,0
174,84118808,Caramobla,2021-04-20 21:46:23,下播了,0
175,84118808,Caramobla,2021-04-20 21:46:25,？,0
176,84118808,Caramobla,2021-04-20 21:46:36,还想看看下饭呢,0
177,11405389,KomeijiKoshi,2021-04-20 22:02:04,1,0
178,472407707,长颈鹿莱昂凯,2021-04-20 22:16:00,饭桶,0
179,229716433,拥有海绵宝宝的她,2021-04-20 22:16:28,1111,0
180,5845141,警大的Coldzera本人,2021-04-20 19:36:45,还好，还有经济,1
181,2823277,未来neko,2021-04-20 20:27:51,点名猪蹄,1
182,2823277,未来neko,2021-04-20 20:28:01,快叫猪蹄过来,1
183,10469116,今天也一样颓废的猪蹄,2021-04-20 20:28:02,？,1
184,10469116,今天也一样颓废的猪蹄,2021-04-20 20:28:05,？？,1
185,2823277,未来neko,2021-04-20 20:29:50,鸡煲我都不看,1
186,2823277,未来neko,2021-04-20 20:31:18,饭桶，这是天禄第一视角吗,1
187,2823277,未来neko,2021-04-20 20:32:01,笑死,1
188,2823277,未来neko,2021-04-20 20:35:37,不是下播,1
189,2823277,未来neko,2021-04-20 20:36:43,饭桶，快睡,1
190,2900720,与二哈共舞,2021-04-20 21:21:20,_(:3」∠)_,0
191,12235760,kimi_石头,2021-04-20 21:21:24,？,0
192,252756341,0唯伤0,2021-04-20 21:40:17,人呢,0
193,176301851,lazy散漫,2021-04-20 21:45:40,(╯°口°)╯(┴—┴,0
194,84118808,Caramobla,2021-04-20 21:46:23,下播了,0
195,84118808,Caramobla,2021-04-20 21:46:25,？,0
196,84118808,Caramobla,2021-04-20 21:46:36,还想看看下饭呢,0
197,11405389,KomeijiKoshi,2021-04-20 22:02:04,1,0
198,472407707,长颈鹿莱昂凯,2021-04-20 22:16:00,饭桶,0
199,229716433,拥有海绵宝宝的她,2021-04-20 22:16:28,1111,0